{"cameraMode":{"drawMode":0,"name":"Shaded","section":"Shading Mode"},"sceneLighting":true,"audioPlay":false,"sceneViewState":{"showFog":true,"showMaterialUpdate":false,"showSkybox":true,"showFlares":true,"showImageEffects":true,"showParticleSystems":true},"in2DMode":false,"pivot":{"x":-2.597254753112793,"y":2.2453107833862306,"z":3.768413543701172},"rotation":{"x":-0.28766584396362307,"y":-0.443631112575531,"z":0.15286964178085328,"w":-0.8349359035491943},"size":10.496810913085938,"orthographic":false}